{
  "data": "data/processed/MF_dataset.parquet",
  "outdir": "runs/kmers_lr_mf_k3",
  "split_summary": {
    "train": {
      "n_samples": 48223,
      "n_labels_total": 1529,
      "label_cardinality_mean": 2.0985421894116913,
      "label_cardinality_median": 1.0,
      "positives_per_label_mean": 66.18574231523871,
      "positives_per_label_median": 18.0
    },
    "val": {
      "n_samples": 5358,
      "n_labels_total": 1529,
      "label_cardinality_mean": 2.0815602836879434,
      "label_cardinality_median": 1.0,
      "positives_per_label_mean": 7.294310006540222,
      "positives_per_label_median": 2.0
    }
  },
  "val_metrics": {
    "micro_f1": 0.44312808521693947,
    "macro_f1": 0.044845047383306115,
    "auprc_micro": 0.3596805701564331,
    "n_samples": 5358,
    "n_labels": 1529
  },
  "threshold_info": {
    "strategy": "global",
    "threshold": 0.12999999523162842,
    "best_micro_f1": 0.44312808521693947,
    "grid_size": 46,
    "curve_sampled": [
      [
        0.05000000074505806,
        0.38609175269258006
      ],
      [
        0.05999999865889549,
        0.40305108126749706
      ],
      [
        0.07000000029802322,
        0.4168464658669198
      ],
      [
        0.07999999821186066,
        0.42479481249716594
      ],
      [
        0.09000000357627869,
        0.432307619810565
      ],
      [
        0.10000000149011612,
        0.4373904576436222
      ],
      [
        0.10999999940395355,
        0.4409220461023051
      ],
      [
        0.11999999731779099,
        0.4421417998060334
      ],
      [
        0.12999999523162842,
        0.44312808521693947
      ],
      [
        0.14000000059604645,
        0.44281416583100225
      ],
      [
        0.15000000596046448,
        0.4424086574520519
      ],
      [
        0.1599999964237213,
        0.4424826689774697
      ],
      [
        0.17000000178813934,
        0.44163104242025647
      ],
      [
        0.18000000715255737,
        0.4397563676633444
      ],
      [
        0.1899999976158142,
        0.43945737732373136
      ],
      [
        0.20000000298023224,
        0.43899420599651234
      ],
      [
        0.20999999344348907,
        0.438354609929078
      ],
      [
        0.2199999988079071,
        0.4376
      ],
      [
        0.23000000417232513,
        0.43618795651923853
      ],
      [
        0.23999999463558197,
        0.43426917510853835
      ],
      [
        0.25,
        0.4323380478435481
      ],
      [
        0.25999999046325684,
        0.43112229963116916
      ],
      [
        0.27000001072883606,
        0.42986691791308446
      ],
      [
        0.2800000011920929,
        0.4283854166666667
      ],
      [
        0.28999999165534973,
        0.4258432982330894
      ],
      [
        0.30000001192092896,
        0.4238442241070362
      ],
      [
        0.3100000023841858,
        0.4212987947472567
      ],
      [
        0.3199999928474426,
        0.41933928140824694
      ],
      [
        0.33000001311302185,
        0.4181256436663234
      ],
      [
        0.3400000035762787,
        0.4160983925962007
      ],
      [
        0.3499999940395355,
        0.41397027341121784
      ],
      [
        0.36000001430511475,
        0.4123787301977158
      ],
      [
        0.3700000047683716,
        0.41080680977054035
      ],
      [
        0.3799999952316284,
        0.4080138940578092
      ],
      [
        0.38999998569488525,
        0.40615844916786137
      ],
      [
        0.4000000059604645,
        0.40465611114587896
      ],
      [
        0.4099999964237213,
        0.40188738597043094
      ],
      [
        0.41999998688697815,
        0.4002780586450961
      ],
      [
        0.4300000071525574,
        0.3970775095298602
      ],
      [
        0.4399999976158142,
        0.3934593765968319
      ],
      [
        0.44999998807907104,
        0.39037536092396535
      ],
      [
        0.46000000834465027,
        0.3865557060834785
      ],
      [
        0.4699999988079071,
        0.3843411757080822
      ],
      [
        0.47999998927116394,
        0.3823414507097278
      ],
      [
        0.49000000953674316,
        0.38011772400261606
      ],
      [
        0.5,
        0.37592105263157893
      ]
    ]
  },
  "feature_space": {
    "k": 3,
    "min_df": 2.0,
    "max_features": 200000,
    "n_features_actual": 8079
  },
  "lr": {
    "C": 2.0,
    "solver": "liblinear",
    "max_iter": 2000
  }
}